iter	RMSE
0	8.805467968
1	8.318350914
2	7.892869196
3	7.537489454
4	7.238467926
5	7.001252366
6	6.77995975
7	6.582822857
8	6.409024849
9	6.259750274
10	6.124310265
11	6.021182834
12	5.88941886
13	5.780301552
14	5.695873269
15	5.624548782
16	5.546688045
17	5.485107435
18	5.418125476
19	5.377142822
20	5.330477253
21	5.281065034
22	5.250072767
23	5.220375132
24	5.186549367
25	5.167671891
26	5.145264528
27	5.122626374
28	5.108510834
29	5.091624194
